"局编号","完成时间UTC","工作要求","试次数","先验P(S)","生成d′","呈现时长ms","挑战编号","局随机种子","屏幕宽","屏幕高","像素倍率","试次","真实有水印","回答有水印","四类结果","作答用时ms","试次随机种子","命中H","漏报M","虚报FA","正确拒绝CR","原始命中率","原始虚报率","准确率","修正命中率","修正虚报率","估计d′","估计c","平均作答用时ms","代价点数"
"pg-1790682196003-d016ecc0","2026-09-29T11:43:16.003Z","日常观察","20","0.25","6","1000","","2040374021","1440","1050","1","1","0","1","FA 虚报","140","2584181121","5","0","15","0","1","1","0.25","0.9166666666666666","0.96875","-0.47973773832319355","-1.622862996648689","214.6","15"
"pg-1790682196003-d016ecc0","2026-09-29T11:43:16.003Z","日常观察","20","0.25","6","1000","","2040374021","1440","1050","1","2","0","1","FA 虚报","173","477920022","5","0","15","0","1","1","0.25","0.9166666666666666","0.96875","-0.47973773832319355","-1.622862996648689","214.6","15"
"pg-1790682196003-d016ecc0","2026-09-29T11:43:16.003Z","日常观察","20","0.25","6","1000","","2040374021","1440","1050","1","3","0","1","FA 虚报","221","649660947","5","0","15","0","1","1","0.25","0.9166666666666666","0.96875","-0.47973773832319355","-1.622862996648689","214.6","15"
"pg-1790682196003-d016ecc0","2026-09-29T11:43:16.003Z","日常观察","20","0.25","6","1000","","2040374021","1440","1050","1","4","1","1","H 命中","221","1422622427","5","0","15","0","1","1","0.25","0.9166666666666666","0.96875","-0.47973773832319355","-1.622862996648689","214.6","15"
"pg-1790682196003-d016ecc0","2026-09-29T11:43:16.003Z","日常观察","20","0.25","6","1000","","2040374021","1440","1050","1","5","1","1","H 命中","221","446347198","5","0","15","0","1","1","0.25","0.9166666666666666","0.96875","-0.47973773832319355","-1.622862996648689","214.6","15"
"pg-1790682196003-d016ecc0","2026-09-29T11:43:16.003Z","日常观察","20","0.25","6","1000","","2040374021","1440","1050","1","6","0","1","FA 虚报","221","3535605771","5","0","15","0","1","1","0.25","0.9166666666666666","0.96875","-0.47973773832319355","-1.622862996648689","214.6","15"
"pg-1790682196003-d016ecc0","2026-09-29T11:43:16.003Z","日常观察","20","0.25","6","1000","","2040374021","1440","1050","1","7","0","1","FA 虚报","221","1424446892","5","0","15","0","1","1","0.25","0.9166666666666666","0.96875","-0.47973773832319355","-1.622862996648689","214.6","15"
"pg-1790682196003-d016ecc0","2026-09-29T11:43:16.003Z","日常观察","20","0.25","6","1000","","2040374021","1440","1050","1","8","0","1","FA 虚报","221","3405911557","5","0","15","0","1","1","0.25","0.9166666666666666","0.96875","-0.47973773832319355","-1.622862996648689","214.6","15"
"pg-1790682196003-d016ecc0","2026-09-29T11:43:16.003Z","日常观察","20","0.25","6","1000","","2040374021","1440","1050","1","9","0","1","FA 虚报","221","2284520575","5","0","15","0","1","1","0.25","0.9166666666666666","0.96875","-0.47973773832319355","-1.622862996648689","214.6","15"
"pg-1790682196003-d016ecc0","2026-09-29T11:43:16.003Z","日常观察","20","0.25","6","1000","","2040374021","1440","1050","1","10","0","1","FA 虚报","221","1006165299","5","0","15","0","1","1","0.25","0.9166666666666666","0.96875","-0.47973773832319355","-1.622862996648689","214.6","15"
"pg-1790682196003-d016ecc0","2026-09-29T11:43:16.003Z","日常观察","20","0.25","6","1000","","2040374021","1440","1050","1","11","0","1","FA 虚报","221","308949792","5","0","15","0","1","1","0.25","0.9166666666666666","0.96875","-0.47973773832319355","-1.622862996648689","214.6","15"
"pg-1790682196003-d016ecc0","2026-09-29T11:43:16.003Z","日常观察","20","0.25","6","1000","","2040374021","1440","1050","1","12","0","1","FA 虚报","221","4243988038","5","0","15","0","1","1","0.25","0.9166666666666666","0.96875","-0.47973773832319355","-1.622862996648689","214.6","15"
"pg-1790682196003-d016ecc0","2026-09-29T11:43:16.003Z","日常观察","20","0.25","6","1000","","2040374021","1440","1050","1","13","1","1","H 命中","221","753906153","5","0","15","0","1","1","0.25","0.9166666666666666","0.96875","-0.47973773832319355","-1.622862996648689","214.6","15"
"pg-1790682196003-d016ecc0","2026-09-29T11:43:16.003Z","日常观察","20","0.25","6","1000","","2040374021","1440","1050","1","14","1","1","H 命中","221","1682726062","5","0","15","0","1","1","0.25","0.9166666666666666","0.96875","-0.47973773832319355","-1.622862996648689","214.6","15"
"pg-1790682196003-d016ecc0","2026-09-29T11:43:16.003Z","日常观察","20","0.25","6","1000","","2040374021","1440","1050","1","15","0","1","FA 虚报","221","2704489832","5","0","15","0","1","1","0.25","0.9166666666666666","0.96875","-0.47973773832319355","-1.622862996648689","214.6","15"
"pg-1790682196003-d016ecc0","2026-09-29T11:43:16.003Z","日常观察","20","0.25","6","1000","","2040374021","1440","1050","1","16","0","1","FA 虚报","221","335164498","5","0","15","0","1","1","0.25","0.9166666666666666","0.96875","-0.47973773832319355","-1.622862996648689","214.6","15"
"pg-1790682196003-d016ecc0","2026-09-29T11:43:16.003Z","日常观察","20","0.25","6","1000","","2040374021","1440","1050","1","17","0","1","FA 虚报","222","65945726","5","0","15","0","1","1","0.25","0.9166666666666666","0.96875","-0.47973773832319355","-1.622862996648689","214.6","15"
"pg-1790682196003-d016ecc0","2026-09-29T11:43:16.003Z","日常观察","20","0.25","6","1000","","2040374021","1440","1050","1","18","0","1","FA 虚报","221","1746700598","5","0","15","0","1","1","0.25","0.9166666666666666","0.96875","-0.47973773832319355","-1.622862996648689","214.6","15"
"pg-1790682196003-d016ecc0","2026-09-29T11:43:16.003Z","日常观察","20","0.25","6","1000","","2040374021","1440","1050","1","19","0","1","FA 虚报","221","176410238","5","0","15","0","1","1","0.25","0.9166666666666666","0.96875","-0.47973773832319355","-1.622862996648689","214.6","15"
"pg-1790682196003-d016ecc0","2026-09-29T11:43:16.003Z","日常观察","20","0.25","6","1000","","2040374021","1440","1050","1","20","1","1","H 命中","221","585046856","5","0","15","0","1","1","0.25","0.9166666666666666","0.96875","-0.47973773832319355","-1.622862996648689","214.6","15"
